<?xml version="1.0" encoding="UTF-8"?>
<!DOCTYPE mapper PUBLIC "-//mybatis.org//DTD Mapper 3.0//EN" "http://mybatis.org/dtd/mybatis-3-mapper.dtd">
<mapper namespace="com.sport.dao.UserMapper">
	<resultMap type="com.sport.entity.Users" id="BasicMap">
		<id column="u_id" jdbcType="INTEGER" property="uID" />
		<result column="u_name" jdbcType="VARCHAR" property="uName"/>
		<result column="u_password" jdbcType="VARCHAR" property="uPassword"/>
		<result column="u_phone_number" jdbcType="VARCHAR" property="uPhoneNumber"/>
		<result column="u_nickname" jdbcType="VARCHAR" property="uNickName"/>
		<result column="height" jdbcType="VARCHAR" property="height"/>
		<result column="weight" jdbcType="VARCHAR" property="weight"/>
		<result column="age" jdbcType="INTEGER" property="age"/>
	</resultMap>
	<!-- 登录 -->
	<select id="login" resultMap="BasicMap" parameterType="com.sport.entity.Users">
		select u_id,u_name,u_password,u_phone_number,u_nickname,weight,height,age from t_users
		where u_name=#{uName} and u_password=#{uPassword}
	</select>
	<!-- 注册 -->
	<insert id="regist" parameterType="com.sport.entity.Users">
		insert into t_users values(0,#{uName},#{uPassword},#{uPhoneNumber},#{uNickName})
	</insert>
	
	<!-- 检查旧密码 -->
	<select id="checkOldPwd" resultMap="BasicMap" parameterType="com.sport.entity.Users">
		select * from t_users where u_password = #{uPassword} and u_id = #{uID}
	</select>
	
	<update id="updateUserPwd" parameterType="com.sport.entity.Users">
		UPDATE t_users
		SET u_password = #{uPassword},age=#{age},weight=#{weight},height=#{height}
		WHERE
			u_id = #{uID}
	</update>
	
</mapper>